insert into pettype values('波斯猫',1000)
insert into pettype values('吉娃娃',800)
insert into pettype values('金毛',1200)
insert into pettype values('橘猫',1000)
insert into pettype values('狸花猫',800)
insert into pettype values('中华田园犬',800)

insert into adopter values('a1231122','女','15282391821','江苏省宿迁市','auser5'	,'uuidpsw', 1,  8200)
insert into adopter values('a1234511' ,'男','12382888281',	'江苏省常州市',	'auser4',	'weraer',	3,	79200)
insert into adopter values('a1234567','女',	'18962182821',	'江苏省常州市',	'auser1',	'pwsss1',	0,	199200)
insert into adopter values('a1234568','女',	'18962122821',	'江苏省常州市',	'auser2',	'pws123',	0,	0)
insert into adopter values('a1234569','女',	'18962122811',	'江苏省常州市',	'auser3',	'pws143',	0,	200)
insert into adopter values('a2132313' ,'男', '12837172731',	'江苏省常州市',	'auser11',	'asdfjiiu',	1,	95)
insert into adopter values('a9999922','男',  '17263528492',	'江苏省常州市', 'asutest',	'saewwwe',	0,  99999)

insert into volunteer values('v1234567',	'男',	'15962964901',	'江苏省常州市',	'user1',	'pswtest1')
insert into volunteer values('v1234568',	'男',	'15962961111',	'江苏省常州市',	'user2',	'pswtest2')
insert into volunteer values('v1234569',	'男',	'15962961221',	'江苏省苏州市',	'user3',	'pswtest3')

insert into pet values('p1111111',	'旺仔',	'雄',	'v1234567',	'金毛',	69,	'非常健康且性格活泼',	'待领养')
insert into pet values('p1111112',	'波波',	'雄',	'v1234567',	'橘猫',	30	,'很粘人'	,'待领养')
insert into pet values('p1111113',	'肥猫猫',	'雌',	'v1234567',	'橘猫',	40,	'有点肥胖'	,'待领养')
insert into pet values('p1111114',	'大王',	'雄',	'v1234568',	'吉娃娃',	54	,'瘦弱未驱虫'	,'试养期')
insert into pet values('p1111115',	'花花',	'雄',	'v1234569',	'狸花猫',	69	,'有点怕人',	'待领养')
insert into pet values('p9292929',	'无名',	'雌',	'v1234567',	'金毛',	54,	'营养不良',	'待领养')

insert into adpapply values('s1111111',	'a1234567',	'p1111111',	'特别喜欢金毛'	        ,'通过',	NULL,	2021-12-31	,1,	NULL,	'未付')
insert into adpapply values('s1111117',	'a1234567',	'p1111112',	'特别喜欢橘猫'	        ,'通过',	NULL,	2022-01-05	,1,	NULL,	'未付')
insert into adpapply values('s1111119',	'a1234568',	'p1111112',	'我也特别喜欢橘猫'	    ,'未批',	NULL,	NULL,	NULL,	NULL,	NULL)
insert into adpapply values('s1111127',	'a1234568',	'p1111112',	'我也也特别喜欢橘猫'	,'拒绝',	'我觉得你不是真正的喜欢',	NULL,	NULL,	NULL,	NULL)
insert into adpapply values('s1111137',	'a1234567',	'p1111113',	'最喜欢大橘猫了'	    ,'未批',	NULL,	NULL,	NULL,	NULL,	NULL)
insert into adpapply values('s1111222',	'a2132313',	'p1111112',	'我也也也特别喜欢橘猫'	,'未批',	NULL,	NULL,	NULL,	NULL,	NULL)
insert into adpapply values('s1121137',	'a1234567',	'p1111114',	'小动物好可爱'		    ,'通过',	NULL,	2022-01-04	,1,	NULL,	'已付')
insert into adpapply values('s2122117',	'a1234568',	'p1213444',	'test'	,'未批',	NULL,	NULL,	NULL,	NULL,	NULL)